path	source	license	notes
src-tauri/icons/32x32.png	User-provided AI brand artwork	MIT	Generated from desktop-source.png for platform packaging.
src-tauri/icons/128x128.png	User-provided AI brand artwork	MIT	Generated from desktop-source.png for platform packaging.
src-tauri/icons/128x128@2x.png	User-provided AI brand artwork	MIT	Generated from desktop-source.png for platform packaging.
src-tauri/icons/icon.icns	User-provided AI brand artwork	MIT	Generated from desktop-source.png for platform packaging.
src-tauri/icons/icon.ico	User-provided AI brand artwork	MIT	Generated from desktop-source.png for platform packaging.
src-tauri/icons/icon.png	User-provided AI brand artwork	MIT	Generated from desktop-source.png for platform packaging.
src-tauri/icons/Square30x30Logo.png	User-provided AI brand artwork	MIT	Generated from desktop-source.png for platform packaging.
src-tauri/icons/Square44x44Logo.png	User-provided AI brand artwork	MIT	Generated from desktop-source.png for platform packaging.
src-tauri/icons/Square71x71Logo.png	User-provided AI brand artwork	MIT	Generated from desktop-source.png for platform packaging.
src-tauri/icons/Square89x89Logo.png	User-provided AI brand artwork	MIT	Generated from desktop-source.png for platform packaging.
src-tauri/icons/Square107x107Logo.png	User-provided AI brand artwork	MIT	Generated from desktop-source.png for platform packaging.
src-tauri/icons/Square142x142Logo.png	User-provided AI brand artwork	MIT	Generated from desktop-source.png for platform packaging.
src-tauri/icons/Square150x150Logo.png	User-provided AI brand artwork	MIT	Generated from desktop-source.png for platform packaging.
src-tauri/icons/Square284x284Logo.png	User-provided AI brand artwork	MIT	Generated from desktop-source.png for platform packaging.
src-tauri/icons/Square310x310Logo.png	User-provided AI brand artwork	MIT	Generated from desktop-source.png for platform packaging.
src-tauri/icons/StoreLogo.png	User-provided AI brand artwork	MIT	Generated from desktop-source.png for platform packaging.
src-tauri/icons/64x64.png	User-provided AI brand artwork	MIT	Generated from desktop-source.png for platform packaging.
src-tauri/icons/android/mipmap-hdpi/ic_launcher_foreground.png	User-provided AI brand artwork	MIT	Generated from desktop-source.png for platform packaging.
src-tauri/icons/android/mipmap-hdpi/ic_launcher.png	User-provided AI brand artwork	MIT	Generated from desktop-source.png for platform packaging.
src-tauri/icons/android/mipmap-hdpi/ic_launcher_round.png	User-provided AI brand artwork	MIT	Generated from desktop-source.png for platform packaging.
src-tauri/icons/android/mipmap-mdpi/ic_launcher_foreground.png	User-provided AI brand artwork	MIT	Generated from desktop-source.png for platform packaging.
src-tauri/icons/android/mipmap-mdpi/ic_launcher.png	User-provided AI brand artwork	MIT	Generated from desktop-source.png for platform packaging.
src-tauri/icons/android/mipmap-mdpi/ic_launcher_round.png	User-provided AI brand artwork	MIT	Generated from desktop-source.png for platform packaging.
src-tauri/icons/android/mipmap-xhdpi/ic_launcher_foreground.png	User-provided AI brand artwork	MIT	Generated from desktop-source.png for platform packaging.
src-tauri/icons/android/mipmap-xhdpi/ic_launcher.png	User-provided AI brand artwork	MIT	Generated from desktop-source.png for platform packaging.
src-tauri/icons/android/mipmap-xhdpi/ic_launcher_round.png	User-provided AI brand artwork	MIT	Generated from desktop-source.png for platform packaging.
src-tauri/icons/android/mipmap-xxhdpi/ic_launcher_foreground.png	User-provided AI brand artwork	MIT	Generated from desktop-source.png for platform packaging.
src-tauri/icons/android/mipmap-xxhdpi/ic_launcher.png	User-provided AI brand artwork	MIT	Generated from desktop-source.png for platform packaging.
src-tauri/icons/android/mipmap-xxhdpi/ic_launcher_round.png	User-provided AI brand artwork	MIT	Generated from desktop-source.png for platform packaging.
src-tauri/icons/android/mipmap-xxxhdpi/ic_launcher_foreground.png	User-provided AI brand artwork	MIT	Generated from desktop-source.png for platform packaging.
src-tauri/icons/android/mipmap-xxxhdpi/ic_launcher.png	User-provided AI brand artwork	MIT	Generated from desktop-source.png for platform packaging.
src-tauri/icons/android/mipmap-xxxhdpi/ic_launcher_round.png	User-provided AI brand artwork	MIT	Generated from desktop-source.png for platform packaging.
src-tauri/icons/ios/AppIcon-20x20@1x.png	User-provided AI brand artwork	MIT	Generated from desktop-source.png for platform packaging.
src-tauri/icons/ios/AppIcon-20x20@2x-1.png	User-provided AI brand artwork	MIT	Generated from desktop-source.png for platform packaging.
src-tauri/icons/ios/AppIcon-20x20@2x.png	User-provided AI brand artwork	MIT	Generated from desktop-source.png for platform packaging.
src-tauri/icons/ios/AppIcon-20x20@3x.png	User-provided AI brand artwork	MIT	Generated from desktop-source.png for platform packaging.
src-tauri/icons/ios/AppIcon-29x29@1x.png	User-provided AI brand artwork	MIT	Generated from desktop-source.png for platform packaging.
src-tauri/icons/ios/AppIcon-29x29@2x-1.png	User-provided AI brand artwork	MIT	Generated from desktop-source.png for platform packaging.
src-tauri/icons/ios/AppIcon-29x29@2x.png	User-provided AI brand artwork	MIT	Generated from desktop-source.png for platform packaging.
src-tauri/icons/ios/AppIcon-29x29@3x.png	User-provided AI brand artwork	MIT	Generated from desktop-source.png for platform packaging.
src-tauri/icons/ios/AppIcon-40x40@1x.png	User-provided AI brand artwork	MIT	Generated from desktop-source.png for platform packaging.
src-tauri/icons/ios/AppIcon-40x40@2x-1.png	User-provided AI brand artwork	MIT	Generated from desktop-source.png for platform packaging.
src-tauri/icons/ios/AppIcon-40x40@2x.png	User-provided AI brand artwork	MIT	Generated from desktop-source.png for platform packaging.
src-tauri/icons/ios/AppIcon-40x40@3x.png	User-provided AI brand artwork	MIT	Generated from desktop-source.png for platform packaging.
src-tauri/icons/ios/AppIcon-512@2x.png	User-provided AI brand artwork	MIT	Generated from desktop-source.png for platform packaging.
src-tauri/icons/ios/AppIcon-60x60@2x.png	User-provided AI brand artwork	MIT	Generated from desktop-source.png for platform packaging.
src-tauri/icons/ios/AppIcon-60x60@3x.png	User-provided AI brand artwork	MIT	Generated from desktop-source.png for platform packaging.
src-tauri/icons/ios/AppIcon-76x76@1x.png	User-provided AI brand artwork	MIT	Generated from desktop-source.png for platform packaging.
src-tauri/icons/ios/AppIcon-76x76@2x.png	User-provided AI brand artwork	MIT	Generated from desktop-source.png for platform packaging.
src-tauri/icons/ios/AppIcon-83.5x83.5@2x.png	User-provided AI brand artwork	MIT	Generated from desktop-source.png for platform packaging.
public/branding/logo.png	User-provided AI brand artwork	MIT	Selected main-logo-b.png; About screen and README.
public/favicon-16.png	User-provided AI brand artwork	MIT	16px favicon derived from selected logo.
public/favicon-32.png	User-provided AI brand artwork	MIT	32px favicon derived from selected logo.
src-tauri/icons/desktop-source.png	User-provided AI brand artwork	MIT	User-provided desktop-icon.png; platform icon master.
src-tauri/icons/tray-source.png	User-provided AI brand artwork	MIT	User-provided tray-icon.png; monochrome tray master.
src-tauri/icons/tray-template.png	User-provided AI brand artwork	MIT	44px monochrome macOS tray template.
src-tauri/icons/tray-color.png	User-provided AI brand artwork	MIT	32px selected logo for Windows and Linux trays.
